惯家府_何明_01	530589	11.4s	Nox_Sound	Footsteps_Boots_Gritty_Ground_(Gravel).wav	https://freesound.org/people/Nox_Sound/sounds/530589/	cand/惯家府_何明_01_Footsteps_Boots_Gritty_Ground_Gr.mp3
惯家府_何明_02	454623	10.0s	EricsSoundschmiede	boots_water_step_creaky_dirt_gravel.wav	https://freesound.org/people/EricsSoundschmiede/sounds/454623/	cand/惯家府_何明_02_boots_water_step_creaky_dirt_gra.mp3
惯家府_何明_03	521588	2.7s	Fission9	Hiking Boot Footsteps on Gravel	https://freesound.org/people/Fission9/sounds/521588/	cand/惯家府_何明_03_Hiking_Boot_Footsteps_on_Gravel.mp3
惯家府_何明_04	419181	11.0s	14GPanskaHonc_Petr	14-Man fast walking dirt.wav	https://freesound.org/people/14GPanskaHonc_Petr/sounds/419181/	cand/惯家府_何明_04_14_Man_fast_walking_dirt_wav.mp3
惯家府_何明_05	679108	7.0s	IlMotografo	Heavy steps on gravel.wav	https://freesound.org/people/IlMotografo/sounds/679108/	cand/惯家府_何明_05_Heavy_steps_on_gravel_wav.mp3
惯家府_何明_06	458051	5.4s	facklere	Giant Walking Fast.wav	https://freesound.org/people/facklere/sounds/458051/	cand/惯家府_何明_06_Giant_Walking_Fast_wav.mp3
惯家府_何明_07	531725	4.6s	Beefmaster69	giant footsteps.mp3	https://freesound.org/people/Beefmaster69/sounds/531725/	cand/惯家府_何明_07_giant_footsteps_mp3.mp3
惯家府_咙铰_01	77027	2.1s	andysm	DinoSteps1.wav	https://freesound.org/people/andysm/sounds/77027/	cand/惯家府_咙铰_01_DinoSteps1_wav.mp3
惯家府_咙铰_02	554592	4.6s	dragonmin	walk_indoor_barefoot.mp3	https://freesound.org/people/dragonmin/sounds/554592/	cand/惯家府_咙铰_02_walk_indoor_barefoot_mp3.mp3
惯家府_咙铰_03	339439	5.0s	juansua990	Monster Footsteps 01.wav	https://freesound.org/people/juansua990/sounds/339439/	cand/惯家府_咙铰_03_Monster_Footsteps_01_wav.mp3
惯家府_咙铰_04	459138	8.5s	skysonglark	walking barefoot.wav	https://freesound.org/people/skysonglark/sounds/459138/	cand/惯家府_咙铰_04_walking_barefoot_wav.mp3
惯家府_咙铰_05	703678	2.5s	newagesoup	Squishy Foot Steps.wav	https://freesound.org/people/newagesoup/sounds/703678/	cand/惯家府_咙铰_05_Squishy_Foot_Steps_wav.mp3
惯家府_咙铰_06	812538	3.4s	Yoyamen1212	Big Monster Stomp	https://freesound.org/people/Yoyamen1212/sounds/812538/	cand/惯家府_咙铰_06_Big_Monster_Stomp.mp3
惯家府_咙铰_07	529245	0.8s	bolkmar	FX - Footstep Strong	https://freesound.org/people/bolkmar/sounds/529245/	cand/惯家府_咙铰_07_FX_Footstep_Strong.mp3
器瓤_01	132874	1.3s	ecfike	Monster Short Roar.wav	https://freesound.org/people/ecfike/sounds/132874/	cand/器瓤_01_Monster_Short_Roar_wav.mp3
器瓤_02	85568	2.5s	JoelAudio	DRAGON_ROAR.wav	https://freesound.org/people/JoelAudio/sounds/85568/	cand/器瓤_02_DRAGON_ROAR_wav.mp3
器瓤_03	442815	2.0s	qubodup	Goblin Snarl	https://freesound.org/people/qubodup/sounds/442815/	cand/器瓤_03_Goblin_Snarl.mp3
器瓤_04	144004	1.0s	ArriGD	Zombie Roar 6	https://freesound.org/people/ArriGD/sounds/144004/	cand/器瓤_04_Zombie_Roar_6.mp3
器瓤_05	559953	1.3s	Rizzard	Dinosaur/Dragon Growl	https://freesound.org/people/Rizzard/sounds/559953/	cand/器瓤_05_Dinosaur_Dragon_Growl.mp3
器瓤_06	315798	1.7s	bevibeldesign	dragon roar short 3.aiff	https://freesound.org/people/bevibeldesign/sounds/315798/	cand/器瓤_06_dragon_roar_short_3_aiff.mp3
器瓤_07	233284	2.1s	JarredGibb	Dinosaur 5.wav	https://freesound.org/people/JarredGibb/sounds/233284/	cand/器瓤_07_Dinosaur_5_wav.mp3
见_01	567723	9.8s	iut_Paris8	BORIERO_Nolwen_2020_2021_Monster breathing.wav	https://freesound.org/people/iut_Paris8/sounds/567723/	cand/见_01_BORIERO_Nolwen_2020_2021_Monster.mp3
见_02	119515	19.1s	vrodge	Animal_breathing_monster.aif	https://freesound.org/people/vrodge/sounds/119515/	cand/见_02_Animal_breathing_monster_aif.mp3
见_03	547826	21.5s	Karma-Ron	Dragon Sounds Heavy Breathing Sliced.wav	https://freesound.org/people/Karma-Ron/sounds/547826/	cand/见_03_Dragon_Sounds_Heavy_Breathing_Sl.mp3
见_04	205997	9.2s	Donkeyjohn	Horror theme/ Monster Breathing	https://freesound.org/people/Donkeyjohn/sounds/205997/	cand/见_04_Horror_theme_Monster_Breathing.mp3
见_05	532156	9.2s	soundmast123	dragon breathe ire	https://freesound.org/people/soundmast123/sounds/532156/	cand/见_05_dragon_breathe_ire.mp3
见_06	554907	5.2s	Nox_Sound	Male_Breath_Fast_Loop_Stereo.wav	https://freesound.org/people/Nox_Sound/sounds/554907/	cand/见_06_Male_Breath_Fast_Loop_Stereo_wav.mp3
见_07	257858	22.5s	tompallant	Pig_Grunts_Snorts_Breathing_Hackney_City_Farm.wav	https://freesound.org/people/tompallant/sounds/257858/	cand/见_07_Pig_Grunts_Snorts_Breathing_Hack.mp3
拱扁_01	467701	2.0s	LucasDuff	monster bite	https://freesound.org/people/LucasDuff/sounds/467701/	cand/拱扁_01_monster_bite.mp3
拱扁_02	445987	0.6s	Breviceps	Horror / Zombie - Biting on bones	https://freesound.org/people/Breviceps/sounds/445987/	cand/拱扁_02_Horror_Zombie_Biting_on_bones.mp3
拱扁_03	392883	1.1s	clif_creates	Hard Candy / Bone Crunch	https://freesound.org/people/clif_creates/sounds/392883/	cand/拱扁_03_Hard_Candy_Bone_Crunch.mp3
拱扁_04	563491	1.7s	magnuswaker	Gore Rend	https://freesound.org/people/magnuswaker/sounds/563491/	cand/拱扁_04_Gore_Rend.mp3
拱扁_05	348112	0.3s	LilMati	Crunch	https://freesound.org/people/LilMati/sounds/348112/	cand/拱扁_05_Crunch.mp3
拱扁_06	528962	0.4s	steenish	Crunch	https://freesound.org/people/steenish/sounds/528962/	cand/拱扁_06_Crunch.mp3